<?xml version="1.0" encoding="UTF-8" standalone="yes"?>
<addon id="program.acestreamhandler.monitor" name="Ace Stream Monitor" version="0.1.2" provider-name="zkte">
  <requires>
    <import addon="xbmc.python" version="3.0.0"/>
    <import addon="script.module.requests" version="2.25.1+matrix.1"/>
  </requires>
  <extension point="xbmc.python.pluginsource" library="script.py">
    <provides></provides>
  </extension>
  <extension point="xbmc.addon.metadata">
    <reuselanguageinvoker>false</reuselanguageinvoker>
    <summary lang="en_GB">Ace Stream Monitor</summary>
    <description lang="en_GB">Ace Stream Monitor</description>
    <disclaimer lang="en_GB"></disclaimer>
    <language>en</language>
    <platform>all</platform>
    <license>GPL-2.0-or-later</license>
    <assets>
        <icon>resources/icon.png</icon>
    </assets>
  </extension>
</addon>
